PRATOS;PRECO
Arroz de forno;7,50
Bife de alcatra;13,50
Bolo de carne vegano;11,30
Br?colis refogado com cenoura;4,50
Costelinha de porco na panela de press?o;15,70
Espaguetini integral ao alho e ?leo;12,30
Estrogonofe de berinjela;8,70
Farofa crocante;3,50
Fejoada;17,30
Fil? de frango com molho de mostarda;12,50
Frango xadrez;11,30
Peixe ensopado;18,40
Rocambole de carne mo?da;9,30
Picadinho de carne;16,50
Salada verde com molho de mostarda;4,50
Tutu de Feij?o;22,20
Batata Rustica;18,60
